ID,FIRSTNAME,SURNAME,DOB
1,ADRIANA,DIBSON,636353280000000000
2,CON,VANVUUREN,636413760000000000
3,ROBINETT,GROVEHAM,636564960000000000
4,LEROI,GIACUBO,636554592000000000
5,TRAVERS,HAMMAND,636581376000000000
6,BRION,COSTELL,636532992000000000
7,LU,GLEDE,636298848000000000
8,POLLYANNA,IORIZZO,636469056000000000
9,DULCINEA,HEADLY,636373152000000000
10,ERIC,CHASEN,636314400000000000
11,GARDNER,TOMCZYKOWSKI,636462144000000000
12,QUENTIN,GILBANK,636547680000000000
13,TARAH,FARNELL,636543360000000000
14,WARING,MARJOT,636577920000000000
15,GODARD,MCGAUGHEY,636471648000000000
16,RODRIGO,DALBEY,636473376000000000
17,RHETTA,PERAZZO,636563232000000000
18,ALDIS,RUBARTELLI,636329088000000000
19,ROCHESTER,MACNESS,636323040000000000
20,BRENDAN,HICKIN,636469056000000000
21,COLLIN,ADDENBROOKE,636304896000000000
22,VERIEE,RICKIS,636318720000000000
23,CARRY,OHLSEN,636426720000000000
24,SHERIE,TURFES,636538176000000000
25,KINCAID,MARDLIN,636489792000000000
26,COSTANZA,MOTTERSHEAD,636338592000000000
27,MARIN,COUDRAY,636488928000000000
28,CASSAUNDRA,SIRMON,636397344000000000
29,MARGIE,YURCHISHIN,636296256000000000
30,LEESA,WINGATE,636478560000000000
31,IVETT,KAROLYI,636426720000000000
32,ORAZIO,MINNEY,636409440000000000
33,DEL,DRANCE,636392160000000000
34,GEORGE,COWTHARD,636562368000000000
35,HARV,CONEY,636328224000000000
36,RANDIE,STOOKES,636353280000000000
37,BEVVY,PROFFITT,636428448000000000
38,JANIS,PIRREY,636492384000000000
39,PRICE,LENOX,636449184000000000
40,HUBE,SAPSEED,636482016000000000
41,RAYNELL,RULTEN,636379200000000000
42,SPENSER,KILLINER,636349824000000000
43,MAIR,BONDESEN,636456960000000000
44,ANASTASIA,SHANKSTER,636504480000000000
45,NICOLE,ORWIN,636549408000000000
46,LEODORA,MITYUSHKIN,636406848000000000
47,EMELDA,KIRKBY,636522624000000000
48,MARVE,ALMOND,636438816000000000
49,HUGUES,ROZET,636534720000000000
50,OFELLA,MACGILLIVRAY,636365376000000000
51,EGBERT,SAGG,636574464000000000
52,NONNAH,ARMAND,636509664000000000
53,BERNETTA,DODWORTH,636293664000000000
54,REAMONN,SPURRIAR,636422400000000000
55,JED,HAMBRIDGE,636363648000000000
56,ALICIA,CIRALDO,636349824000000000
57,SARITA,SWINNERTON,636280704000000000
58,AGUSTE,EMMETT,636294528000000000
59,SHANDEIGH,WATSAM,636500160000000000
60,GIORGIA,O'HICKEE,636412896000000000
61,TOBEY,MEWHIRTER,636555456000000000
62,ROBENA,SUTLIFF,636393024000000000
63,MARICE,CARDEW,636553728000000000
64,KEARY,TREWETT,636293664000000000
65,LYNN,SCARLIN,636441408000000000
66,VERE,GRUNWALL,636507936000000000
67,NELLI,AARONS,636385248000000000
68,GLORI,HINKES,636357600000000000
69,NATASSIA,ABELS,636299712000000000
70,ERMA,ABRAMIN,636420672000000000
71,DANA,FOUNTAIN,636410304000000000
72,ADE,ROSENSTENGEL,636425856000000000
73,BROK,ADAMIDES,636386976000000000
74,SARI,MACURA,636322176000000000
75,LENNA,ARELES,636393888000000000
76,BERNA,LOVELESS,636412032000000000
77,JEMMIE,TIDGEWELL,636543360000000000
78,LUIGI,DUNSFORD,636375744000000000
79,CAL,HARRIOTT,636470784000000000
80,HELGA,FITZPATRICK,636537312000000000
81,SCOTTY,LONGCASTER,636546816000000000
82,ANETTA,BEAUSHAW,636497568000000000
83,DOMINIQUE,STONEMAN,636323904000000000
84,COLAN,TILEY,636308352000000000
85,ELIANORE,WYLEY,636458688000000000
86,KRISHNA,VOLLER,636278976000000000
87,BRAN,GOERING,636567552000000000
88,GINA,VALDE,636281568000000000
89,MAEGAN,ANGRIC,636496704000000000
90,HUSAIN,MCORKIL,636384384000000000
91,DERWIN,MCGRATH,636304032000000000
92,TERESSA,MARZELLI,636362784000000000
93,DELANO,BEMMENT,636524352000000000
94,DOLLY,FADIAN,636429312000000000
95,DUN,BRUCE,636554592000000000
96,BABITA,PERCIFULL,636348960000000000
97,MARYJANE,KILMURRAY,636463872000000000
98,ADAMS,GILFFILLAND,636484608000000000
99,MATILDA,BUCKNILL,636534720000000000
100,KINCAID,CUDDEHAY,636372288000000000
101,ABIGAIL,NEILAN,636298848000000000
102,DREDDY,DEETLEFS,636386976000000000
103,HILLIARD,DARTNELL,636450048000000000
104,WINFIELD,MADOC-JONES,636401664000000000
105,JOBINA,BLENKINSHIP,636513120000000000
106,ELYSIA,FRONDT,636383520000000000
107,JAMMAL,MOULDING,636284160000000000
108,THERINE,HLAVECEK,636491520000000000
109,EDITH,LEETHEM,636440544000000000
110,CINDEE,HEFFERNAN,636578784000000000
111,PIERRETTE,DILLON,636278976000000000
112,TILDY,DELACOURT,636276384000000000
113,JENIFER,LOTTERINGTON,636413760000000000
114,GODFRY,BORTON,636500160000000000
115,GIRALDO,TIMCKE,636465600000000000
116,TOMMIE,CONNOLLY,636387840000000000
117,CHARLIE,HUCKABE,636567552000000000
118,HAMLEN,MCBAY,636558912000000000
119,ARLINE,SKEERMER,636324768000000000
120,KARRAH,MAPLEDORUM,636555456000000000
121,DYANN,PUCKER,636317856000000000
122,KELLEY,ROSEN,636345504000000000
123,ORTON,CLENDINNING,636395616000000000
124,NEDI,KRYZHOV,636486336000000000
125,AUGUSTINE,GOODYEAR,636339456000000000
126,BURCH,DANIELLS,636323040000000000
127,HARALD,EDDOW,636486336000000000
128,ELSEY,CHAUCER,636373152000000000
129,ELAINA,RUSE,636489792000000000
130,CHIP,GOCKELEN,636508800000000000
131,KATA,NEWALL,636476832000000000
132,PAMMIE,METH,636506208000000000
133,ERICA,TWITTEY,636306624000000000
134,TIFFIE,O'SULLIVAN,636488928000000000
135,SUSANN,LILFORD,636291072000000000
136,ROSETTE,BEHNE,636391296000000000
137,NINETTE,ALEBROOKE,636484608000000000
138,JOSEPHINA,DOWNGATE,636375744000000000
139,BLINNIE,FRAIN,636503616000000000
140,RUGGIERO,SOUTTAR,636302304000000000
141,KIMBERLYN,BABE,636526080000000000
142,LINNIE,STRONGE,636379200000000000
143,URBAIN,CLEALL,636452640000000000
144,IVOR,FINESSY,636475968000000000
145,MARRILEE,MARFLITT,636539904000000000
146,RAFE,ASPY,636453504000000000
147,MAUDE,GILHOOL,636377472000000000
148,PHYLLYS,SNOOK,636429312000000000
149,NOLLIE,TREMELLAN,636315264000000000
150,RUDDY,BYGREAVES,636455232000000000
151,HOLDEN,FREDDI,636305760000000000
152,BASE,PATSHULL,636539040000000000
153,KARRAH,WOODNUTT,636366240000000000
154,SANDER,UCCELI,636374880000000000
155,WAYLAND,LOUGHTON,636355872000000000
156,BENETTA,ECHELLE,636454368000000000
157,FLORY,AIMSON,636309216000000000
158,BELLE,CHAMBERS,636572736000000000
159,PIERRETTE,TRAYLEN,636460416000000000
160,INGRAM,YESENIN,636561504000000000
161,AVIE,DILOWAY,636584832000000000
162,BRIDGET,BRADIE,636514848000000000
163,TODD,OSGARDBY,636377472000000000
164,MINDA,MERRIMAN,636549408000000000
165,MISSIE,GOODBARNE,636437088000000000
166,ARDELIS,ROSINA,636372288000000000
167,ADAMS,VANNER,636564096000000000
168,DELORA,REWAN,636523488000000000
169,BREE,TROUP,636317856000000000
170,ALEXANDER,JARRELL,636349824000000000
171,NORMA,ALEXANDROU,636418080000000000
172,BRUCE,ALISHONER,636520896000000000
173,CURTICE,BAUDINET,636381792000000000
174,KERR,PEPPARD,636335136000000000
175,CORRENA,GIAMITTI,636354144000000000
176,HARBERT,POYNTON,636407712000000000
177,ROBINIA,VOLETTE,636463008000000000
178,GLENN,GALLIFORD,636431904000000000
179,SHERRIE,DOBBYN,636436224000000000
180,FREDERICH,SINYARD,636351552000000000
181,PENNY,BENET,636286752000000000
182,TOBEY,CHEZELLE,636437952000000000
183,KLAUS,AMERICI,636511392000000000
184,MURDOCK,SLANEY,636538176000000000
185,BENIAMINO,LUFFMAN,636334272000000000
186,PATTIE,BRADY,636394752000000000
187,SALOME,SWATE,636418080000000000
188,RAMON,BOOTHBY,636529536000000000
189,MADA,WALDRON,636281568000000000
190,OLLY,FOLDER,636510528000000000
191,KENTON,HUITT,636552000000000000
192,VANNI,BOAME,636587424000000000
193,MARCELLO,ODDA,636545952000000000
194,BRNABY,JEE,636326496000000000
195,EZRI,TWOOHY,636561504000000000
196,BROCKY,MCISAAC,636290208000000000
197,CYNTHEA,CORAH,636344640000000000
198,DAFFIE,PINK,636286752000000000
199,PETRA,BERWICK,636438816000000000
200,DELLY,HENDRIKSE,636389568000000000
201,LEWES,TREMONTE,636444864000000000
202,URIEL,DUCROW,636415488000000000
203,YURIK,FUNCHEON,636453504000000000
204,MELODEE,BARTKIEWICZ,636393024000000000
205,EDUARDO,COLLINETTE,636274656000000000
206,HERSCHEL,AUDAS,636481152000000000
207,INGLIS,GIRTH,636275520000000000
208,ISABELLE,KOUBU,636377472000000000
209,BLANCHE,SPRAGING,636473376000000000
210,MAJOR,RICHFIELD,636527808000000000
211,SAMMY,CHATTELAINE,636380928000000000
212,RAINE,MOLE,636477696000000000
213,TRUMAN,WASHBROOK,636534720000000000
214,VIDOVIK,MCQUEEN,636531264000000000
215,MEGGI,MERIET,636331680000000000
216,JACYNTH,MILBERRY,636463872000000000
217,JADA,MACSHIRRIE,636580512000000000
218,ARDELIA,PETTEGRE,636295392000000000
219,GERHARDINE,BERRIBALL,636495840000000000
220,EDELINE,FINNEY,636380928000000000
221,HARTWELL,BLADEN,636541632000000000
222,AERIELL,CRUTCHER,636569280000000000
223,HENDRIKA,PEAT,636463872000000000
224,SHERLOCK,ELCOAT,636293664000000000
225,BENEDICK,HALEGARTH,636329952000000000
226,TOMMI,WHATLING,636523488000000000
227,BERNY,RANNALD,636367104000000000
228,MORGEN,VANDRILL,636493248000000000
229,OTHO,ENRIQUEZ,636278976000000000
230,DORISA,PENDLEBERY,636496704000000000
231,SILVESTER,O'CROWLEY,636340320000000000
232,ANTONIE,BLACKNEY,636553728000000000
233,MATTHIEW,AISMAN,636343776000000000
234,BERTY,PEEVER,636350688000000000
235,KARISSA,STICKINS,636446592000000000
236,ANNELISE,DINES,636285024000000000
237,RUSSELL,THORMWELL,636484608000000000
238,GERICK,WAGGETT,636572736000000000
239,NOAMI,GIBARD,636374016000000000
240,LAZARUS,TROUSDALE,636403392000000000
241,ALWIN,FAIRHOLM,636289344000000000
242,JONAS,HARSE,636514848000000000
243,SHELLEY,TCHAIKOVSKY,636538176000000000
244,GEORGEANNE,TREMMEL,636525216000000000
245,CARLY,JACMARD,636453504000000000
246,CLEA,ROSSON,636305760000000000
247,MARCELLUS,STOCKNEY,636439680000000000
248,NIKOLIA,BOSMA,636488064000000000
249,AUROORA,SPINLEY,636374880000000000
250,TRIP,FERRICK,636393888000000000
251,GENNI,MITRIKHIN,636360192000000000
252,PEYTER,PATEY,636279840000000000
253,WHITTAKER,CUTTERIDGE,636278112000000000
254,GIRAUD,ELFLEET,636461280000000000
255,ASHLEN,BORDER,636423264000000000
256,DAPHNE,POLEYKETT,636558912000000000
257,NORMA,MILTHORPE,636424992000000000
258,EMELINE,STEWART,636432768000000000
259,ROXIE,RAGLES,636499296000000000
260,ASHLA,SHWALBE,636420672000000000
261,ORREN,STAIRMAND,636322176000000000
262,SPENCER,BRAHAM,636335136000000000
263,ODETTA,DESANTOS,636466464000000000
264,NEVIL,DEKEEP,636503616000000000
265,BUNNIE,CADDICK,636452640000000000
266,PENN,PARKE,636540768000000000
267,BREANNE,ROSI,636402528000000000
268,LIND,GARNAR,636462144000000000
269,AMALLE,GRABBAM,636470784000000000
270,ETHE,BYGROVE,636494976000000000
271,ANGELI,DAMI,636399072000000000
272,LILIANE,GERGLER,636559776000000000
273,BENNETT,SHERVIL,636431904000000000
274,RODDY,SOLLEME,636387840000000000
275,AGUISTIN,MACKISON,636312672000000000
276,DILL,SANTELLO,636321312000000000
277,ALEC,DROGAN,636466464000000000
278,DINAH,SIMMILL,636344640000000000
279,ROBIN,BUGDEN,636287616000000000
280,LOTTY,CHIPPENDALE,636459552000000000
281,LANNY,CAWTHERY,636352416000000000
282,DULCINEA,BRUNSEN,636552864000000000
283,ERNY,ERDIS,636424128000000000
284,JESSE,DEWDENY,636367104000000000
285,PEPI,TREGIDO,636407712000000000
286,EMMERICH,GOTCLIFFE,636353280000000000
287,DORETTA,CRUTTENDEN,636447456000000000
288,LAZARE,TABRETT,636323904000000000
289,WHITAKER,JACHIMCZAK,636463872000000000
290,LEILAH,LYND,636291072000000000
291,RABI,SPATARI,636466464000000000
292,ULA,RENNICK,636459552000000000
293,PEADAR,DREWERY,636399936000000000
294,DINNIE,MCINNES,636399072000000000
295,LOUIE,DUNPHY,636558048000000000
296,RENE,BABBAGE,636485472000000000
297,ESTA,DENISOVO,636444000000000000
298,DIONYSUS,ASPELL,636411168000000000
299,CED,VAISSIERE,636367104000000000
300,JUSTINE,WESTPFEL,636457824000000000
301,KARRAH,POINTS,636459552000000000
302,MAXIMILIANUS,TREMAIN,636347232000000000
303,ROSLYN,GROG,636342048000000000
304,MIRAN,GREVE,636298848000000000
305,CORALIE,CLAPHAM,636455232000000000
306,LEENA,DUGGAN,636537312000000000
307,ANNA,DOVYDENAS,636384384000000000
308,JESSE,MUMBERSON,636367968000000000
309,TANNER,TURBITT,636284160000000000
310,IRENE,SCANTERBURY,636399072000000000
311,WHITNEY,TEAR,636448320000000000
312,NATASSIA,CULPEN,636466464000000000
313,MARIBETH,FILDES,636368832000000000
314,URBAIN,MURCH,636430176000000000
315,AMBERLY,MARQUIS,636318720000000000
316,JACKI,CIOBOTARU,636297120000000000
317,JACKIE,MCKEOWN,636499296000000000
318,MAIGA,WOOLER,636346368000000000
319,RENATE,SHIMON,636400800000000000
320,ILISE,LAMBREGTS,636559776000000000
321,CORALINE,MATTEUCCI,636328224000000000
322,LOTTIE,SPYKINS,636540768000000000
323,JANEVA,ARROW,636365376000000000
324,SOPHEY,RIGMOND,636433632000000000
325,CATHERINE,RUSTMAN,636350688000000000
326,ORLANDO,RUSTICH,636434496000000000
327,HERC,LONGRIGG,636574464000000000
328,MINER,MUNCIE,636484608000000000
329,MAB,MENICHELLI,636385248000000000
330,JEANIE,JACKLING,636301440000000000
331,JOANA,MANCLARK,636372288000000000
332,DORALIN,MATISSE,636281568000000000
333,ALYSSA,REASCE,636285024000000000
334,MADELIN,ROWLIN,636463872000000000
335,BENEDICTA,DAX,636385248000000000
336,ANDREA,COUROY,636504480000000000
337,BONNEE,REDGROVE,636361056000000000
338,GIRAUD,DEALEY,636329088000000000
339,TERRYE,HANSMAN,636506208000000000
340,RADCLIFFE,CROMBLEHOLME,636294528000000000
341,SADA,PORTMAN,636384384000000000
342,GRAM,CHAPERLIN,636587424000000000
343,BIBBIE,GILLARD,636525216000000000
344,CHANCE,PERTON,636581376000000000
345,YELENA,MARDELL,636434496000000000
346,STERNE,TUCKERMAN,636281568000000000
347,KURT,ROYSE,636321312000000000
348,PUFF,WATHAN,636444000000000000
349,GODDART,SILSON,636549408000000000
350,FEODORA,NEVE,636531264000000000
351,FLORIS,ELLERBECK,636463008000000000
352,PRISCILLA,BYERS,636453504000000000
353,MERIEL,FENDER,636294528000000000
354,DINNY,LUDLAMME,636310080000000000
355,SAUVEUR,MCKENZIE,636584832000000000
356,JODIE,GLADWIN,636291936000000000
357,WYLIE,HODINTON,636526944000000000
358,DREW,BRIDIE,636364512000000000
359,LOREE,HENFRE,636468192000000000
360,AVRAM,THAIRS,636584832000000000
361,THURSTON,SACKES,636364512000000000
362,HORTENSIA,WARDHAW,636424992000000000
363,ADRIANA,ANDRIN,636571872000000000
364,MELLONEY,GOODSPEED,636276384000000000
365,BEKKI,RABJOHNS,636438816000000000
366,GRANTHAM,GITTHOUSE,636316128000000000
367,ARIE,LANPHERE,636422400000000000
368,THORNTON,MYNETT,636292800000000000
369,REDD,HALLOWELL,636473376000000000
370,BARCLAY,HUGLAND,636458688000000000
371,MATHIAS,DORR,636378336000000000
372,CRIS,WILMOTT,636541632000000000
373,LANCE,GREGUOLI,636465600000000000
374,RUTTGER,VANVUUREN,636463872000000000
375,JOBEY,MITRIKHIN,636428448000000000
376,BRUNO,ROTHERA,636361056000000000
377,HYMAN,FLEXMAN,636428448000000000
378,CYB,PADDEN,636558048000000000
379,REYNOLDS,KIPPIE,636296256000000000
380,FLORETTE,BRUNETON,636291936000000000
381,FLORIAN,ORTELLS,636331680000000000
382,STORMY,ZARB,636520032000000000
383,NEVILLE,CORSER,636453504000000000
384,DORELIA,DOREE,636482016000000000
385,PENNI,BEHRENS,636484608000000000
386,HAROLD,PEDROLI,636530400000000000
387,WILBERT,DOMB,636490656000000000
388,TORIN,FITZSIMONS,636337728000000000
389,VLADIMIR,PENCOST,636485472000000000
390,HANA,ANDERSEN,636429312000000000
391,MELOSA,EYDEN,636382656000000000
392,SAMARA,RUZIC,636513984000000000
393,MELVYN,SECOMBE,636551136000000000
394,JACINTHE,EMPS,636464736000000000
395,DENYS,ENRIGHT,636542496000000000
396,DIANNA,BRUGGER,636348096000000000
397,MARNIE,SEATHWRIGHT,636415488000000000
398,CORDULA,LINDEN,636563232000000000
399,HALEY,GEE,636312672000000000
400,AUGIE,HAMLETT,636444864000000000
401,CAROLUS,POTTEN,636479424000000000
402,IORGO,BOUNDY,636274656000000000
403,BRYNNA,SCHIRAK,636432768000000000
404,GAVIN,SITLINTON,636588288000000000
405,BOBINETTE,AGLIONE,636488064000000000
406,CHAIM,CLANCEY,636402528000000000
407,GILEMETTE,THOMAZIN,636448320000000000
408,CONSALVE,BLACKADER,636545088000000000
409,LAZAR,JEAYS,636556320000000000
410,DAISIE,CRAIGIE,636425856000000000
411,HOLLY,BOGEY,636560640000000000
412,BRIEN,PEPLAW,636362784000000000
413,MAXIE,HALCRO,636587424000000000
414,THOMA,ORTMANN,636333408000000000
415,BOND,DIEM,636372288000000000
416,MALYNDA,MYHILL,636376608000000000
417,BETTEANN,MERYETT,636287616000000000
418,SKYLAR,LONGSHAW,636578784000000000
419,AUGY,DEDRICK,636399072000000000
420,SAREE,GOGHIN,636539904000000000
421,JOURDAN,LETSON,636513984000000000
422,KIMBERLYN,GREENWOOD,636516576000000000
423,JUDE,MACKIM,636293664000000000
424,WESTBROOK,CORKER,636316992000000000
425,GAWEN,HITZMANN,636529536000000000
426,CHANTAL,KUBIS,636297984000000000
427,DELL,RIDDEOUGH,636400800000000000
428,MART,RICOLD,636293664000000000
429,KERR,FERRI,636401664000000000
430,LORAINE,PEMBLE,636390432000000000
431,ABBOT,RIGGOLL,636332544000000000
432,KELILA,BOICH,636362784000000000
433,DOLL,STAPELE,636456096000000000
434,DANIELLE,STEERS,636488064000000000
435,HARMON,LUMBER,636507072000000000
436,CHAIM,DRILLINGCOURT,636382656000000000
437,ADELINA,SHAKSPEARE,636428448000000000
438,SHURLOCKE,KENRIGHT,636404256000000000
439,DELPHINIA,COPNER,636410304000000000
440,CASSY,COMFORT,636558048000000000
441,HARRISON,MATSON,636463872000000000
442,ELEONORE,DOMSALLA,636552000000000000
443,AVRIT,SHORY,636367104000000000
444,GONZALES,ALLABUSH,636310080000000000
445,ANNABAL,CECERE,636361920000000000
446,JEANE,MANNIN,636580512000000000
447,ANGE,BLENKHORN,636493248000000000
448,MOHAMMED,TREVON,636566688000000000
449,LINNELL,RETCHLESS,636577056000000000
450,ROOSEVELT,SMYLEY,636544224000000000
451,NICOL,ROSENGREN,636393024000000000
452,VERIEE,PARNABY,636434496000000000
453,GWENETTE,BECKINGHAM,636569280000000000
454,ITCH,BOSENCE,636312672000000000
455,ARTIE,TONKINSON,636577056000000000
456,MELINA,GAIR,636379200000000000
457,GENVIEVE,LEAT,636423264000000000
458,EDUARD,TODARELLO,636528672000000000
459,EMELIA,COOKLEY,636479424000000000
460,TULLY,BEHNINCK,636337728000000000
461,HATTI,DUIGNAN,636330816000000000
462,BENEDIKTA,KITMAN,636324768000000000
463,ARLINDA,GOLDSBY,636584832000000000
464,ELVIRA,BOSANKO,636381792000000000
465,SHERRY,GARNUL,636586560000000000
466,HINZE,COPPO,636277248000000000
467,REILLY,CASTRO,636416352000000000
468,HUMPHREY,TRAHEAR,636588288000000000
469,DAPHNA,HOWTON,636281568000000000
470,CORNALL,JUDKIN,636525216000000000
471,ELLWOOD,DREOSSI,636568416000000000
472,JEAN,CORNWALL,636450048000000000
473,CRIS,JANCY,636308352000000000
474,YUMA,PIRNIE,636317856000000000
475,LUCIO,TURMEL,636519168000000000
476,RANDALL,CRAN,636541632000000000
477,OLENKA,DAWTON,636520032000000000
478,CARLOTA,MOYLAN,636558912000000000
479,ENID,PERRETT,636498432000000000
480,CHARLES,MIDDEN,636351552000000000
481,NETTI,ALENIN,636479424000000000
482,NOELLYN,EYEINGTON,636361920000000000
483,ELNORA,WEAVING,636417216000000000
484,ZOLLY,NEATH,636577920000000000
485,FRASIER,MACGOWN,636539904000000000
486,STANTON,ROBION,636361920000000000
487,ERMANNO,WELLAND,636406848000000000
488,CULLY,TREWMAN,636475104000000000
489,BENDICTY,MACILRIACH,636301440000000000
490,AMALEA,PITTLE,636577056000000000
491,BATHOLOMEW,FORBES,636291072000000000
492,OSBOURN,JAFFREY,636337728000000000
493,SONNY,YOSELEVITCH,636495840000000000
494,WILMER,LOWERSON,636443136000000000
495,CARENA,BRAUNFELD,636349824000000000
496,NALANI,BLADDER,636577056000000000
497,CARON,JANCY,636423264000000000
498,KRISTIAN,LUISETTI,636423264000000000
499,MARIAN,BRIAR,636329952000000000
500,SINCLARE,BATRIM,636516576000000000
